{
"model_x":{
"reference_epoch":56249.5,
"const_term":0.00103569,
"velocity":-0.0067252},
"model_y":{
"reference_epoch":56249.5,
"const_term":-0.000695803,
"velocity":0.0108871},
"model_z":{
"reference_epoch":56249.5,
"const_term":-0.00010517,
"velocity":0.00111478}
}